id,question_id,selected_option,reason_text
1,1,A,好不容易周末，不赖床对不起自己。
2,1,A,平时六点半起，周末不躺到十点觉得亏了。
3,1,A,醒了也不起，翻翻手机磨蹭一下最舒服。
4,1,A,只有周末能睡到自然醒，谁也别叫我。
5,1,A,被窝有引力，我物理上起不来。
6,1,B,周末早晨最安静，出去跑一圈回来一天都是赚的。
7,1,B,醒了就起，躺着反而腰疼。
8,1,B,周末早晨效率最高，能做很多平时没时间做的事。
9,1,B,习惯了早起，到点就睡不着了。
10,1,B,喜欢清晨的安静，整个世界都是我的。
11,2,A,锅底不好吃这顿火锅就废了，蘸料救不回来。
12,2,A,我挑火锅店先看锅底，锅底对了什么都对。
13,2,A,四川人，锅底就是命。
14,2,A,锅底是灵魂，其他的都是配菜。
15,2,A,锅底够味的话我连蘸料都不需要。
16,2,B,我调的蘸料比锅底贵，蒜泥香油蚝油腐乳一样不能少。
17,2,B,锅底随便选，蘸料才是我的主战场。
18,2,B,同一锅底换三个蘸料能吃出三种味道，谁懂。
19,2,B,蘸料能救一切，锅底差点也没关系。
20,2,B,吃火锅一半的快乐是调蘸料给的。
21,3,A,从确定目的地到出发，我能做三十页攻略。
22,3,A,不查清楚当地交通天气美食，我出门不踏实。
23,3,A,连哪家店几点开门都查好才有安全感。
24,3,A,攻略越细越能玩到精髓，不然白去。
25,3,A,我是那种把地图背熟才出门的人。
26,3,B,上次去厦门我连酒店都是到了才订的，结果找到一家超棒的民宿。
27,3,B,攻略做太细就没有惊喜了。
28,3,B,走到哪玩到哪，迷路也是风景。
29,3,B,订个机票就出发，其他到了再说。
30,3,B,不做攻略才能遇到计划外的好东西。
31,4,A,一个人看才能完全进入电影的世界。
32,4,A,不用迁就别人的时间，想什么时候看都行。
33,4,A,看到哭也不用忍着，反正没人认识我。
34,4,A,我享受散场后一个人走回家的那段路。
35,4,A,和别人一起看总要分心，一个人才能沉浸。
36,4,B,看完电影没人讨论的话，精彩的地方憋得难受。
37,4,B,散场后找个小店聊剧情才是完整体验。
38,4,B,旁边有人一起笑一起沉默，感觉不一样。
39,4,B,和朋友一起看，烂片也能变好看。
40,4,B,爆米花有人分着吃才香。
41,5,A,雨声是最好的白噪音，戴着耳机看本书太享受了。
42,5,A,下雨就可以心安理得地宅着，不用有负罪感。
43,5,A,喜欢雨打在窗户上的声音，很解压。
44,5,A,下雨天窝在沙发里看电影，完美的周末。
45,5,A,雨水冲刷一切的感觉，空气都会变干净。
46,5,B,一到下雨天鞋子必湿，袜子黏糊糊的难受死了。
47,5,B,下雨出门像打仗，打伞也挡不住。
48,5,B,下雨天路上堵车地铁挤，心情直接变差。
49,5,B,我一到阴雨天就没精神，整个人都是蔫的。
50,5,B,晾了好几天的衣服还是湿的，绝望。
51,6,A,看到消息不回复会一直惦记着，不如秒回安心。
52,6,A,回消息又不费事，拖着反而容易忘。
53,6,A,对方看到我秒回会觉得被重视吧。
54,6,A,我就是那种手机不离手的人，看到就回了。
55,6,A,秒回是一种礼貌，除非真的在忙。
56,6,B,消息又不会跑，忙完了再回也一样。
57,6,B,秒回显得我太闲了，不太好。
58,6,B,我需要时间想一下怎么回，不想随便应付。
59,6,B,有时候看到了但没想好怎么回，拖着拖着就忘了。
60,6,B,不是不在意，只是不想被打断当前的事。
61,7,A,切块吃比较优雅，不会弄得到处都是。
62,7,A,用叉子吃西瓜才是文明人。
63,7,A,切好放冰箱里冰一下再吃，比抱着挖爽。
64,7,A,切块方便分着吃，一个人吃半个太多了。
65,7,A,装盘撒点盐，甜味会被激出来。
66,7,B,半个西瓜一把勺，夏天正确的打开方式。
67,7,B,抱着挖着吃才有夏天的仪式感。
68,7,B,切块的总觉得少了点什么，就得抱着吃。
69,7,B,勺子挖到最底下那口最甜，你们不知道吧。
70,7,B,抱着挖着吃才能吃到最中间那块没籽的。
71,8,A,闹钟响的那一刻，感觉被世界抛弃了。
72,8,A,从被窝坐起来那一下需要透支一天的意志力。
73,8,A,我定了三个闹钟，每个之间间隔五分钟。
74,8,A,冬天起床是我每天最大的挑战。
75,8,A,真想住在被窝里，冬眠到春天。
76,8,B,好不容易鼓起勇气起来了，开门那阵风直接把我送回去。
77,8,B,起床还行，但出门那一刻感觉自己像在裸奔。
78,8,B,刷牙的水都是冰的，冬天刷牙需要勇气。
79,8,B,裹得像个球还是觉得冷风往衣服里钻。
80,8,B,在室内焐热了出门一吹，全白费。
81,9,A,平时乱着也行，但要收拾就一次性整到位。
82,9,A,每周日晚上集中打扫一次，平时不碰。
83,9,A,一次性打扫看着房间变干净特别解压。
84,9,A,零碎着收拾没感觉，要大扫除才爽。
85,9,A,我做不到每天收拾，但周末会彻底搞一遍。
86,9,B,东西用完就放回原位，房间自然就干净了。
87,9,B,每天顺手擦一下收拾一下，不用专门花时间大扫除。
88,9,B,随手收拾的习惯养成了，房间永远不乱。
89,9,B,每天收拾五分钟比周末两小时轻松多了。
90,9,B,我是那种睡前必须把桌面清空才能睡觉的人。
91,10,A,靠窗可以看风景，还能靠着窗睡觉。
92,10,A,靠窗有安全感，不用被人挤到。
93,10,A,窗户开条缝吹着风，感觉自己是电影主角。
94,10,A,靠窗那个角落是我在公交车上的私人领地。
95,10,A,下雨天靠窗看雨滴滑下来很治愈。
96,10,B,靠过道上下车方便，不用麻烦别人让座。
97,10,B,腿长的人坐靠窗太憋屈了。
98,10,B,靠过道可以伸腿，比靠窗舒服。
99,10,B,靠窗的话到站了还要喊人让，太尴尬了。
100,10,B,靠过道能看到谁要下车，方便抢座。
101,11,A,风景怎么拍都好看，自己怎么拍都差点意思。
102,11,A,镜头是用来记录世界的，不是记录我的。
103,11,A,我不上相，拍风景至少不会失望。
104,11,A,那些风景以后可能再也见不到了，值得好好拍。
105,11,A,等老了翻翻自己拍过的山川大海比看自拍有意思。
106,11,B,不留张自拍等于没来过这个地方。
107,11,B,以后翻相册的时候想看看当时的自己长什么样。
108,11,B,自拍是记录当下的自己，以后看会很有意思。
109,11,B,拍一百张选一张最好看的也是一种快乐。
110,11,B,我就是爱拍自己，怎么了。
111,12,A,不一口气看完会睡不着，一直惦记着。
112,12,A,断断续续看会忘了前面讲了什么，不如一口气。
113,12,A,周末抱着书能从早看到晚，看完一本很有成就感。
114,12,A,我看书像追剧，必须一口气追完。
115,12,A,遇到好看的根本停不下来，经常看到凌晨。
116,12,B,同时看三四本，根据当天心情选一本翻。
117,12,B,小说配一本散文配一本工具书，换着看不会腻。
118,12,B,一本看累了换一本，阅读效率反而更高。
119,12,B,床头一本包里一本办公室一本，走到哪看到哪。
120,12,B,一本好书不舍得看完，慢慢读才能多享受几天。
121,13,A,冷场了我就忍不住出来救场，不然难受。
122,13,A,我天生就是热场子的那个人，习惯了。
123,13,A,大家都不说话的时候总得有人开个头吧。
124,13,A,我来聚会的意义就是把气氛搞起来。
125,13,A,看到别人尴尬地站着我会主动过去聊天。
126,13,B,坐在角落观察每个人也挺有意思的。
127,13,B,我不说话不代表我不开心，只是喜欢听。
128,13,B,每次想开口都被人抢了，慢慢就不想说了。
129,13,B,安静待着不累，强行社交才累。
130,13,B,听别人吹牛比自己说话轻松。
131,14,A,面不劲道的话这碗面就废了。
132,14,A,汤可以淡，但面一定要弹。
133,14,A,我是吃面的口感派，面条是主角。
134,14,A,一碗面端上来先看面条粗细，太软的直接差评。
135,14,A,手工拉面和机器面的口感差别我一口就能吃出来。
136,14,B,汤底好喝的话面差点我也能原谅。
137,14,B,最后把汤喝干净才是对一碗面的尊重。
138,14,B,面是载体，汤才是灵魂。
139,14,B,面好不好看汤，汤够味的话什么面都好吃。
140,14,B,一口好的汤底能从胃暖到心里。
141,15,A,提前一周就开始列清单了，每天检查一遍怕漏。
142,15,A,箱子提前三天就收好了，到时候拎包就走。
143,15,A,身份证充电器换洗衣服，我会反复确认三遍。
144,15,A,连出发那天穿什么都提前想好了。
145,15,A,提早收拾好才能安心上班，不然总惦记着。
146,15,B,我都是出发前一晚才开始收，半小时搞定。
147,15,B,收太早了临出门还得翻一遍检查，不如当晚收。
148,15,B,忘带什么到那边买就行了，又不是去荒岛。
149,15,B,我的记录是出发前十五分钟开始装箱。
150,15,B,边收边回忆上次忘带了什么，这次补上。
151,16,A,不打招呼的话那几十秒太煎熬了。
152,16,A,住对门好几年了，不说话感觉怪怪的。
153,16,A,我一般是先笑一下然后问'上班啊'，万能开场白。
154,16,A,打个招呼又不会少块肉，大家舒服。
155,16,A,我妈说邻里之间要有礼貌，习惯了。
156,16,B,不太熟硬要说话也挺尴尬的。
157,16,B,点头微笑就够了，不一定非要说。
158,16,B,社恐人的电梯哲学：低头看手机就行。
159,16,B,我连看都不敢看对方，全程盯楼层数。
160,16,B,万一打了招呼后面不知道聊什么更尴尬。
161,17,A,热可以开空调，但蚊子是真的防不胜防。
162,17,A,蚊子咬的包痒得睡不着，抓破了还留疤。
163,17,A,我O型血，蚊子最爱我，一个夏天一身包。
164,17,A,热还能忍，蚊子嗡嗡嗡在耳边真的会疯。
165,17,A,我可以接受热，但不能接受被咬。
166,17,B,蚊子至少能躲室内，热是真的逃不掉。
167,17,B,一出门就一身汗，衣服黏在身上太难受了。
168,17,B,热到食欲不振睡眠不好，整个人都是虚的。
169,17,B,广州的夏天出门就是蒸桑拿。
170,17,B,没有空调的夏夜我根本无法入睡。
171,18,A,新手机到手先翻一遍设置，所有功能摸透了才安心。
172,18,A,不把隐藏功能找出来感觉亏了。
173,18,A,我会把每个预装app都打开看看是干什么的。
174,18,A,看测评视频比对着研究功能，必须物尽其用。
175,18,A,花那么多钱买的新手机，得把每一分都体验回来。
176,18,B,用到什么功能再学什么，提前学也记不住。
177,18,B,连很多功能都不知道，反正日常够用就行。
178,18,B,很多功能用了一年都没发现，发现了还挺惊喜的。
179,18,B,手机就是个工具，用不着研究那么深。
180,18,B,买回来先按自己习惯设好，其他的以后再说。
181,19,A,和平分手的为什么不能做朋友，我又不恨他。
182,19,A,那么多年的感情变成陌生人太可惜了。
183,19,A,做朋友说明真的放下了，这才是最好的结局。
184,19,A,他现在就像我一个最熟悉的普通朋友。
185,19,A,圈子有重叠，做不了朋友见面也尴尬。
186,19,B,做朋友的话下一任会介意的，换位思考一下。
187,19,B,我用了两年才放下他，再做朋友不是前功尽弃吗。
188,19,B,真心爱过的人没法退回到朋友的位置。
189,19,B,做朋友就是给自己留后路，对现任不公平。
190,19,B,看到他发新恋情的动态我肯定会难受，何必呢。
191,20,A,冷战太消耗感情了，我愿意做先开口的那个人。
192,20,A,比起对错我更在乎这段关系。
193,20,A,我爸跟我妈吵架永远是我爸先低头，我学他的。
194,20,A,有时候就是连为什么吵的都忘了，但僵着很难受。
195,20,A,先和好不代表认输，只是我更珍惜。
196,20,B,每次都是我主动，这次想看看他会不会来找我。
197,20,B,我需要时间整理一下情绪，不是为了冷战。
198,20,B,如果每次都是我先低头，他会觉得理所当然。
199,20,B,不是不想和好，是还没想好怎么开口。
200,20,B,吵完架我就进入一种'不想说话'的状态，需要时间。
201,21,A,人多热闹，能吃到更多菜，还能喝点酒。
202,21,A,四五个人刚刚好，话题多笑声多。
203,21,A,我享受那种一桌子人抢菜的氛围。
204,21,A,两三个人有时候会冷场，人多不会。
205,21,A,每次聚会我都负责张罗，人少了没意思。
206,21,B,一对一说的话才走心，人多了聊不深。
207,21,B,我最好的朋友就是那个可以一起吃路边摊聊到深夜的人。
208,21,B,两个人才有深度聊天的可能。
209,21,B,我社恐，人越多越沉默，但一对一我能聊很多。
210,21,B,人多的时候总有人在看手机，还不如两个人好好吃顿饭。
211,22,A,我妈每次打电话都说'要不回来工作吧'。
212,22,A,我家就我一个，走远了他们老了怎么办。
213,22,A,他们嘴上说尊重我，但我知道他们想我在身边。
214,22,A,去年我爸住院我在外地回不去，那件事让我动摇了。
215,22,A,离家十年了，现在越来越想回去。
216,22,B,不留在大城市闯一闯我不甘心。
217,22,B,家里没有适合我的工作，回去也是闲着。
218,22,B,父母也希望我过得好，在远方也能把他们接过来。
219,22,B,走出来了就不想回去了，不是不孝顺，就是回不去了。
220,22,B,在小城市待了二十年，我想看看更大的世界。
221,23,A,我上一段异地恋就是因为见面太少黄的。
222,23,A,我需要实实在在的陪伴，不是手机里的早安晚安。
223,23,A,见不到面的时候我很容易胡思乱想。
224,23,A,喜欢的人在身边才有安全感。
225,23,A,我就是那种黏人的类型，喜欢就要天天见。
226,23,B,我特别需要独处的时间，太黏了我反而想逃。
227,23,B,各自有各自的生活，见面的时候才有话聊。
228,23,B,恋爱不是生活的全部，我需要自己的圈子。
229,23,B,距离产生美不是没道理的。
230,23,B,天天待在一起会腻，保持一点距离反而更想对方。
231,24,A,不删的话会忍不住看他的动态，太折磨了。
232,24,A,删了才能逼自己往前走，留个念想就放不下。
233,24,A,我看着他在朋友圈过得很好我会难受。
234,24,A,我连共同的群聊都退了，断就要断干净。
235,24,A,留着等看他晒新欢吗，删了吧。
236,24,B,躺在列表里也不碍事，大家都成年人。
237,24,B,删了反而显得还在意，不删才是真的过去了。
238,24,B,和平分手的话没必要删，以后还有共同朋友约局。
239,24,B,早就不看他的动态了，删不删都一样。
240,24,B,他安静躺在通讯录里，跟其他几百个人一样。
241,25,A,一年就回去这一次，想见见爸妈和发小。
242,25,A,除夕夜一大家子围在一起吃年夜饭是我最期待的时刻。
243,25,A,只有过年的时候那些从小玩到大的朋友才会都回来。
244,25,A,我妈妈会做一大桌子菜，每次想到就想流口水。
245,25,A,过年那种热闹的气氛平时没有，还挺怀念的。
246,25,B,七大姑八大姨的盘问比上班还累。
247,25,B,好不容易有个长假，就想自己待着。
248,25,B,走亲戚比出差还累，还不如在公司加班。
249,25,B,回家三天就开始被嫌东嫌西了。
250,25,B,我宁愿一个人过年，自在。
251,26,A,不庆祝的话跟普通日子有什么区别，那要纪念日干嘛。
252,26,A,纪念日就是一种仪式感，让彼此觉得被重视。
253,26,A,我会提前一个月开始准备，看他到时候的反应很期待。
254,26,A,如果对方忘了我们的纪念日，我真的会生气。
255,26,A,一年就那一天是专属于我们的，值得好好过。
256,26,B,平时对你好就行了，非要那一天证明什么。
257,26,B,我自己都记不住纪念日，凭什么要求对方记住。
258,26,B,形式上的庆祝不如日常里的用心。
259,26,B,我觉得两个人在一起的每一天都值得庆祝，不差那一天。
260,26,B,非要过纪念日反而有种完成任务的感觉，没意思。
261,27,A,进门把包一丢往沙发上一瘫，先回半小时血。
262,27,A,不先歇会儿根本没力气做别的，通勤已经耗尽我了。
263,27,A,先刷十分钟手机缓冲一下才能面对晚间的家务。
264,27,A,换完睡衣躺平是我的回家流程第一步。
265,27,A,我是那种进了家门就先坐下发呆五分钟的人。
266,27,B,先把饭做了或者把衣服收了再休息，不然心里挂着。
267,27,B,事情就摆在那里，不做完我没法安心玩。
268,27,B,我如果歇下了就再也不想动了，所以得先把事做了。
269,27,B,趁还有动力先把该做的做完，不然一瘫就是两小时。
270,27,B,我接受不了家里乱着，进门第一件事就是收拾。
271,28,A,不看会儿手机根本睡不着，这已经是习惯了。
272,28,A,刷短视频算是给一天收个尾，不然感觉这一天没过完。
273,28,A,躺下了总要刷一刷，结果一刷就是一个小时。
274,28,A,手机是我的睡前伴侣。
275,28,A,关了灯还要再刷一圈朋友圈才甘心闭眼。
276,28,B,看手机越看越精神，不如闭眼躺着放空。
277,28,B,我会把手机放客厅充电，卧室里不许有手机。
278,28,B,睡前那几分钟的黑暗很珍贵，不想被屏幕光破坏。
279,28,B,我容易失眠，睡前看手机的话就更睡不着了。
280,28,B,发发呆想想今天发生的事，就慢慢睡着了。
281,29,A,第一次喝到好喝的就认准了，每次去都点一样的。
282,29,A,我是个长情的人，喝奶茶也是。
283,29,A,点新的万一踩雷了多难受，还是喝熟悉的稳。
284,29,A,我固定喝的那家店的店员都记住我的单了。
285,29,A,我懒得研究菜单，第一次喝的那个最好喝就一直喝。
286,29,B,每次去都要尝试菜单上没喝过的那个。
287,29,B,如果菜单上有新品我必须点。
288,29,B,我有个excel记录喝过的每一杯奶茶的口味评价。
289,29,B,点一样的多无聊，生活需要新鲜感。
290,29,B,我喝奶茶的原则是：没试过的必须试一次。
291,30,A,自己烤才有参与感，翻面刷酱撒料都是技术活。
292,30,A,烤肉的过程比吃还有意思。
293,30,A,我对自己烤的火候有信心，比外面烤的好吃。
294,30,A,自己动手烤的东西吃起来特别香。
295,30,A,我享受掌控火候的感觉，烤到微微焦最好吃。
296,30,B,我负责烤的话大家都要饿死，还是让专业的人来吧。
297,30,B,自己烤总是要么不熟要么烤糊。
298,30,B,等人烤好了端上来直接吃多舒服。
299,30,B,我是负责吃的那个人，烤肉是别人的事。
300,30,B,每次自己烤都手忙脚乱的，还不如等着吃。
301,31,A,深夜一个人吃一碗泡面加蛋就是我的治愈时刻。
302,31,A,不用等不用让，想吃什么点什么。
303,31,A,独食的时候可以放空大脑，完全专注在食物上。
304,31,A,我经常半夜饿了偷偷点外卖，一个人吃完。
305,31,A,深夜独食是我和自己相处的方式。
306,31,B,夜宵这种东西就是要分着吃才香。
307,31,B,两个人点一桌一人一半，能多吃几种。
308,31,B,和朋友吃着夜宵聊天是结束一天最好的方式。
309,31,B,一个人吃夜宵总觉得差点意思。
310,31,B,夜宵摊上边吃边聊才是正确的打开方式。
311,32,A,菜不好吃的话整顿饭都很煎熬。
312,32,A,我是那个会提前查好餐厅评价的人，不想踩雷。
313,32,A,如果是我组的局，餐厅没选好我会很有压力。
314,32,A,吃都吃不好还谈什么开心。
315,32,A,我比较挑食，菜不好吃的话我真的会不高兴。
316,32,B,聊得开心的话吃什么都香。
317,32,B,我和闺蜜去吃麻辣烫也能聊三小时。
318,32,B,重要的是和谁吃，不是吃什么。
319,32,B,有次去吃一家很难吃的店，但因为聊得太开心了也觉得不错。
320,32,B,菜差一点没关系，但气氛不能差。
321,33,A,不提前安排好路线和时间，我出门会焦虑。
322,33,A,我会把要去的地方在地图上标好，规划最优路线。
323,33,A,临时约我的话我可能会拒绝，因为没计划好。
324,33,A,我喜欢把行程安排得明明白白的，不浪费时间。
325,33,A,提前计划好才能玩得尽兴。
326,33,B,想到去哪儿就去哪儿，这样的周末才有惊喜。
327,33,B,我就喜欢那种'要不我们现在去吧'的冲动。
328,33,B,计划做太细的话一旦有变化会很扫兴。
329,33,B,跟着感觉走才会遇到好玩的东西。
330,33,B,我出门的最大计划就是大概方向，到了再说。
331,34,A,好不容易出来一趟当然要把该去的都去了。
332,34,A,我会把两天一夜安排得满满的，每个小时都安排好。
333,34,A,玩够本才对得起来回的路费和时间。
334,34,A,我出去旅行不是换个地方睡觉的。
335,34,A,行程越满越有赚到的感觉。
336,34,B,平时上班已经够累了，旅行就是换个地方休息。
337,34,B,我旅行的原则是：一天最多去两个地方。
338,34,B,走马观花不如在一个地方好好待着。
339,34,B,旅行是为了放松，不是为了打卡。
340,34,B,我在酒店里躺着看窗外就很满足了。
341,35,A,每次回去的路上都在想'为什么假期这么短'。
342,35,A,回程的路上心情就很沉重。
343,35,A,还没玩够呢就要回去上班了，烦。
344,35,A,堵在路上就已经开始焦虑周一了。
345,35,A,假期结束的失落感总是在回程的路上达到顶峰。
346,35,B,玩累了其实还挺想回去的。
347,35,B,金窝银窝不如自己的狗窝。
348,35,B,回去了至少可以睡自己的床了。
349,35,B,其实回去也有回去的好，生活总要回归正常。
350,35,B,我已经开始想我家猫了。
351,36,A,我先开口打破沉默总比两个人都尴尬好。
352,36,A,我是那种会在电梯里先跟人打招呼的人。
353,36,A,等对方开口的话可能就一直沉默了。
354,36,A,我习惯先释放善意，对方想聊自然会接话。
355,36,A,反正不认识，聊砸了也没损失。
356,36,B,我先观察一下对方是什么样的人再决定怎么聊。
357,36,B,不确定对方想不想聊，还是等对方先吧。
358,36,B,我不喜欢尬聊，如果没话说了更尴尬。
359,36,B,我社恐，主动开口需要很大的勇气。
360,36,B,我一般都是等别人来跟我说话。
361,37,A,我们聊现在的工作生活比较多，毕竟每天都经历着。
362,37,A,老朋友就是知道你现在在干嘛的人。
363,37,A,我比较关注当下，回忆偶尔提一提就好了。
364,37,A,上次聊到他要跳槽，这次问问怎么样了。
365,37,A,聊近况才能感觉彼此还在对方的生活里。
366,37,B,每次聊到高中的糗事就能笑半天。
367,37,B,共同的回忆才是我们之间最特别的东西。
368,37,B,只有老朋友才懂的那些梗，每次提起都好笑。
369,37,B,我们在一起的时候90%都在回忆过去。
370,37,B,聊过去才有那种'我们是一路人'的感觉。
371,38,A,在公司聊私事感觉不专业，聊工作安全。
372,38,A,跟同事的私交还是留点距离比较好吧。
373,38,A,聊工作至少不会说错话。
374,38,A,上班时间不聊工作聊什么。
375,38,A,跟同事聊私事万一传出去不太好。
376,38,B,工作已经够烦了，吃饭就别再聊工作了。
377,38,B,聊点日常八卦才能拉近距离。
378,38,B,不聊点私事的话同事之间永远只是陌生人。
379,38,B,我跟我关系好的同事什么都聊。
380,38,B,聊闲话的时候才能发现同事是不是正常人。
381,39,A,来都来了，不融入的话自己待着也尴尬。
382,39,A,有我在的场子不会冷。
383,39,A,大家出来玩就是为了开心嘛，我配合度很高。
384,39,A,我是容易被气氛带动的人，音乐一响就开始嗨了。
385,39,A,只要有三个人以上我就会自动进入社交模式。
386,39,B,找个角落待着观察别人也挺好玩的。
387,39,B,我需要时不时躲到安静的地方回血。
388,39,B,强行融入不如自己待着舒服。
389,39,B,我是那种在热闹场合也会突然想回家的人。
390,39,B,我能一个人在角落里吃完整盘瓜子。
391,40,A,看着对方眼睛说话是基本的尊重。
392,40,A,不看着对方的话我聊不下去。
393,40,A,眼神交流能让我确认对方有没有在听。
394,40,A,我会努力保持眼神接触，虽然有点累但值得。
395,40,A,我妈从小教育我说话要看着人家。
396,40,B,一直盯着别人眼睛有点奇怪，自然就好。
397,40,B,看着对方会走神，看别处反而听得更认真。
398,40,B,我看别处不代表我没在听，只是在整理思路。
399,40,B,太长时间的眼神接触会让我很不自在。
400,40,B,我会交替着看对方的眼睛和看其他地方。
401,41,A,先看看别人怎么玩的再上，这是我一直以来的习惯。
402,41,A,观察清楚规则和局势再参与比较安全。
403,41,A,先了解情况再动手，不做没把握的事。
404,41,A,我会先花五分钟观察，然后决定怎么融入。
405,41,A,我比较谨慎，不想一上来就出丑。
406,41,B,想太多就没意思了，先做了再说。
407,41,B,边做边学才是我的风格。
408,41,B,直接加入比在旁边看着不尴尬。
409,41,B,犹豫就会败北，我选择直接上。
410,41,B,观察的时间都够我玩好几轮了。
411,42,A,想到明天周一整个人都萎了。
412,42,A,周日晚上的焦虑感甚至比周一早上还强。
413,42,A,我会在周日晚上失眠，因为是周日。
414,42,A,从晚饭后就开始倒计时，越来越焦虑。
415,42,A,周日晚上是我一周里最不开心的时刻。
416,42,B,周日晚上和平时的晚上也没什么区别。
417,42,B,周末过完了就过完了，周一总会来的。
418,42,B,我周日晚上反而挺平静的，结束了该结束了。
419,42,B,周日晚上我一般会安排点喜欢的事，就不焦虑了。
420,42,B,我的工作还好，周一也不是很可怕。
421,43,A,最后一天必须用到极致，不能浪费一分一秒。
422,43,A,早上起来就开始想'明天要上班了'然后拼命玩。
423,43,A,我会把最想做的事放在最后一天，当成收尾。
424,43,A,假期的最后一天总是过得最快。
425,43,A,一边玩一边焦虑，玩也玩不踏实。
426,43,B,提前一天收收心，不然周一更难受。
427,43,B,最后一天我会选择在家休息，调整状态。
428,43,B,收拾一下房间准备一下周一的东西，心里踏实。
429,43,B,玩到最后一天累得要死，周一更痛苦。
430,43,B,最后一天用来缓冲刚刚好。
431,44,A,手机一亮就抓起来看，虽然可能是推送。
432,44,A,明明有事做但总是分心去解锁屏幕。
433,44,A,等消息的时候什么事情都做不进去。
434,44,A,我会把手机铃声开到最大，生怕错过。
435,44,A,平均每两分钟看一次手机，我知道这样不好但控制不了。
436,44,B,把手机翻过去扣在桌上，该干嘛干嘛。
437,44,B,该来的总会来，着急也没用。
438,44,B,我会给自己设一个两小时的专注时间，不看手机。
439,44,B,等消息的最佳方式就是不去想它。
440,44,B,我心态比较好，可能比较迟钝。
441,45,A,计划被打乱了我一整天都不在状态。
442,45,A,得缓一会儿才能接受现实。
443,45,A,会很烦躁，需要一点时间消化。
444,45,A,脑子会短暂空白，然后开始重新盘算。
445,45,A,我花了那么多心思做计划，说变就变真的很崩溃。
446,45,B,计划本来就是用来变的嘛。
447,45,B,马上想新的方案，没时间浪费在情绪上。
448,45,B,变化往往带来意想不到的惊喜。
449,45,B,我习惯了，生活本来就不会按计划走。
450,45,B,我很少做太详细的计划，所以变化也无所谓。
451,46,A,气氛都到这里了不加入不行。
452,46,A,人多的场合我会自动打起精神融入。
453,46,A,我挺喜欢热闹的，人越多越兴奋。
454,46,A,来参加聚会就是为了大家一起开心的。
455,46,A,只要不是太尬的场合我都能融入。
456,46,B,越热闹越觉得自己是局外人。
457,46,B,我的能量在热闹场合掉得特别快。
458,46,B,我需要时不时躲到安静的地方回回血。
459,46,B,周围越热闹，我心里越安静。
460,46,B,我可以在很吵的场合里自己待着。
461,47,A,不放点什么声音感觉房子太空了。
462,47,A,播客或者背景音乐是必须的。
463,47,A,我会开着电视但也不看，就是要有声音。
464,47,A,太安静了会胡思乱想。
465,47,A,没有BGM的独处是不完整的。
466,47,B,安静才能让我真正放松下来。
467,47,B,安静的时候才能听见自己的呼吸和心跳。
468,47,B,只有安静的时候我觉得时间是自己的。
469,47,B,我享受那种没有声音打扰的时刻。
470,47,B,安静本身就是一种陪伴。
471,56,A,五岁以内还能接受吧，差太多生活阶段不一样。
472,56,A,我觉得五岁是个坎，超过了沟通会有代沟。
473,56,A,身边有差八岁的后来分了，因为人生节奏不同。
474,56,A,我比较实际，年龄差太大生活规划会冲突。
475,56,A,同龄人更有共同的语言和成长背景。
476,56,B,我爸妈就差十岁，感情也很好。
477,56,B,成熟不成熟跟年龄没关系。
478,56,B,对的人几岁都行，感觉最重要。
479,56,B,我交往过比我大八岁的，反而更体贴。
480,56,B,年龄只是个数字。
481,57,A,节约是美德，总比月光好吧。
482,57,A,只要不对我抠就行，他自己省是他的自由。
483,57,A,会过日子的人才会理财。
484,57,A,节约说明有规划，比乱花钱好一万倍。
485,57,A,我也挺省的，所以我们在这方面很合拍。
486,57,B,太省了生活会少很多乐趣。
487,57,B,省到连正常的消费都要纠结的话，相处会很累。
488,57,B,我不想因为几块钱的事吵架。
489,57,B,该花的钱不花的话我会很不舒服。
490,57,B,省钱可以但不要太极端了。
491,58,A,不说出来问题只会越来越大，我选择直接沟通。
492,58,A,我会直接问他'你最近是不是不太一样'。
493,58,A,我在关系里有什么不舒服就会说出来。
494,58,A,藏着掖着不如摊开了说。
495,58,A,沟通是解决问题的唯一方式。
496,58,B,先观察一下是不是自己太敏感了。
497,58,B,怕说了显得自己很作。
498,58,B,等他主动来发现问题吧。
499,58,B,如果真的变了，说了也没用。
500,58,B,我自己先调整一下心态看看。
501,59,A,有边界就能接受，大家都是成年人。
502,59,A,信任是基础，没有信任的话什么都别谈。
503,59,A,我也有异性朋友，将心比心。
504,59,A,只要不越界，有异性朋友很正常。
505,59,A,看他的异性闺蜜是什么样的人再说。
506,59,B,异性闺蜜本身就是个伪命题。
507,59,B,我可以有异性朋友但不能是闺蜜那种亲密程度。
508,59,B,心里会不舒服，干脆别走太近。
509,59,B,如果那个异性闺蜜比我跟他还好，那我算什么。
510,59,B,我不相信男女之间有纯粹的友谊。
511,60,A,激情变平淡是自然规律，不是谁的问题。
512,60,A,平平淡淡才是真，天天轰轰烈烈谁也受不了。
513,60,A,从热烈到平淡说明关系进入稳定期了。
514,60,A,能一起平淡才是真的适合。
515,60,A,我反而喜欢平淡期，不用再猜来猜去了。
516,60,B,平淡就是危险的信号，需要做点什么。
517,60,B,不维持新鲜感的话感情会慢慢死掉。
518,60,B,我会主动安排一些不一样的活动来打破平淡。
519,60,B,我上一段就是平淡到分手了，所以我很警惕。
520,60,B,感情需要经营，平淡不是借口。
521,61,A,删掉一切联系方式，逼自己往前走。
522,61,A,长痛不如短痛。
523,61,A,我会逼自己出去社交健身忙起来。
524,61,A,不逼自己的话永远走不出来。
525,61,A,把和他有关的东西全扔了，重新开始。
526,61,B,时间会治愈一切，急不来的。
527,61,B,越想放下越放不下，不如承认自己还没好。
528,61,B,允许自己难过一段时间。
529,61,B,放不下就放不下吧，总有一天会放下的。
530,61,B,我花了两年才走出来，不能急。
531,62,A,差不多就行，算太清伤感情。
532,62,A,你请一次我请一次，不用太计较。
533,62,A,谁方便谁出，不用分那么细。
534,62,A,我请吃饭他请看电影，自然就平衡了。
535,62,A,感情好不计较这些。
536,62,B,收入高的多出一点合情合理。
537,62,B,按比例来才公平。
538,62,B,两个人都舒服才是最好的方式。
539,62,B,不想因为钱的事情吵架，提前说好比较好。
540,62,B,我赚得多我多出点没问题。
541,63,A,对我好是最重要的，条件可以一起挣。
542,63,A,感情到位了，其他都是次要的。
543,63,A,我爸妈也是从一无所有到现在有房有车的。
544,63,A,只要上进，条件会改善的。
545,63,A,对我好是底线条件，其他都可以谈。
546,63,B,光对你好不够，现实问题摆在那里。
547,63,B,差距大了相处起来会很累。
548,63,B,身边有太多例子证明了条件差距大会出问题。
549,63,B,我不需要他多有钱，但至少不能比我差太多。
550,63,B,对我好是最基本的，不是加分项。
551,64,A,还没到放弃的时候，再努力看看吧。
552,64,A,舍不得是因为曾经很好。
553,64,A,我试着去想当初为什么在一起的。
554,64,A,每段关系都有瓶颈期，过了就好了。
555,64,A,我不想轻易放弃，会后悔的。
556,64,B,犹豫本身就是答案。
557,64,B,拖着对两个人都是一种消耗。
558,64,B,如果已经要考虑要不要继续了，那就该结束了。
559,64,B,食之无味的关系就像过期的食物，该扔了。
560,64,B,我上一段就是这样拖了大半年，最后还是要分。
561,65,A,没感觉了还结什么婚，趁早止损。
562,65,A,婚前变心总比婚后出轨好。
563,65,A,这不是开玩笑的事，他认真说我就认真信。
564,65,A,结婚之后再分手才更难受。
565,65,A,没了信任的基础，结婚就是埋雷。
566,65,B,可能只是恐婚，可以再聊聊。
567,65,B,感情有起伏是正常的，不要轻易放弃。
568,65,B,婚前焦虑很多人都会有，过了这段时间就好了。
569,65,B,我想知道具体是什么原因，是不是有什么误会。
570,65,B,如果真的爱过，值得再努力一次。
571,66,A,平等不是五五分，是互相尊重。
572,66,A,只要两个人都愿意，就能做到。
573,66,A,我现在的恋爱就很平等，是真的可以做到的。
574,66,A,吵架的时候也能好好说话就是平等。
575,66,A,平等是目标，只要两个人在同一条船上就能实现。
576,66,B,总有一方爱得多一点，这是人性。
577,66,B,感情里没有绝对的平等，只有愿不愿意。
578,66,B,付出和得到永远不可能完全对等。
579,66,B,平等在爱情里是一个理想，不是现实。
580,66,B,不平等才是常态，接受反而轻松。
581,67,A,被爱比较轻松，不需要猜对方在想什么。
582,67,A,被坚定选择的感觉太好了。
583,67,A,我已经追过人了，累了，下次想被追。
584,67,A,被人捧在手心谁不想呢。
585,67,A,被喜欢的人喜欢是世界上最幸福的事。
586,67,B,自己喜欢的才有心动的感觉。
587,67,B,追自己喜欢的人是一种动力。
588,67,B,我不想要将就的感情。
589,67,B,只有自己喜欢的人才愿意付出。
590,67,B,被爱很幸福，但主动去爱才痛快。
591,68,A,一起吃苦也是回忆的一部分。
592,68,A,年轻的时候穷一点没关系。
593,68,A,我跟我男朋友刚在一起的时候都很穷，但很开心。
594,68,A,只要两个人一起努力，钱会有的。
595,68,A,幸福跟钱的关系没有那么大。
596,68,B,贫贱夫妻百事哀不是没道理。
597,68,B,钱不是万能的但没有钱是万万不能的。
598,68,B,恋爱可以穷，但谈到结婚就很现实了。
599,68,B,我不想谈那种约会还要算着钱来的恋爱。
600,68,B,没有物质基础的感情很脆弱。
601,69,A,心动是本能，克制是选择。
602,69,A,保持距离是对现任的尊重。
603,69,A,想想当初为什么选择了现任。
604,69,A,一时的心动不值得拿一段感情去赌。
605,69,A,距离远一点就会发现其实也没什么特别的。
606,69,B,正视感受才能知道自己真正想要什么。
607,69,B,可能是感情里缺了什么才会对别人心动。
608,69,B,如果现任是对的人，你不会对别人动心。
609,69,B,这是一个信号，需要重新审视自己感情了。
610,69,B,心动不是出轨，但逃避自己的感受更危险。
611,70,A,信任一旦破裂就没法修复了。
612,70,A,原谅了一次就会有第二次。
613,70,A,这是原则问题，不能退让。
614,70,A,背叛的成本太低的话，对方不会珍惜你。
615,70,A,分了吧，给自己留点自尊。
616,70,B,感情深的话可以试着修复。
617,70,B,人都会犯错，看他值不值得。
618,70,B,如果他是真的后悔而且愿意改，可以给一次机会。
619,70,B,我愿意再试一次，但如果再有第二次绝不原谅。
620,70,B,虽然很痛，但我还爱他。
621,71,A,过去的人就应该留在过去。
622,71,A,联系前任是对现任的不尊重。
623,71,A,有事非联系不可的话，先跟我说一声。
624,71,A,我介意的是瞒着我联系。
625,71,A,既然已经分开了，还有什么好聊的。
626,71,B,如果只是普通联系也没什么。
627,71,B,介意说明不自信，不介意说明信任。
628,71,B,我也有前任联系方式，但已经完全不聊天了。
629,71,B,删得干干净净反而显得心里有鬼。
630,71,B,成年人之间的分寸感自己会有。
631,72,A,人是在不断成长的，要给机会。
632,72,A,只要对方愿意，没有什么改不了。
633,72,A,我自己也在变，所以我相信他也可以。
634,72,A,如果他真的在乎你，他会愿意为你改变。
635,72,A,改变虽然不是一蹴而就的，但能看到进步就够了。
636,72,B,不要期待对方改变，要么接受要么离开。
637,72,B,本性真的很难改。
638,72,B,我试过了，用几年时间等一个人改变太累了。
639,72,B,如果一开始就不能接受的点，后面只会越来越介意。
640,72,B,改变是可能的，但不能把希望都寄托在改变上。
641,73,A,差距太大相处起来太累了。
642,73,A,不想拖累对方。
643,73,A,差距让人自卑，我朋友就是这样的例子。
644,73,A,我会觉得对方值得更好的。
645,73,A,在一起之后越来越没自信，不如算了。
646,73,B,喜欢就在一起，想那么多干嘛。
647,73,B,努力缩小差距就好了，为什么要分手。
648,73,B,配不配不是一个人说了算的。
649,73,B,如果他觉得你配得上，那你就配得上。
650,73,B,感情不是交易，不存在配不配。
651,74,A,相亲不就是先看条件的吗。
652,74,A,条件不合适的话感情也走不远。
653,74,A,既然都来相亲了，肯定是先看硬条件。
654,74,A,我相过好几次了，条件差的真的很难往下聊。
655,74,A,成年人的感情，条件匹配才能走得远。
656,74,B,没感觉的话条件再好也没用。
657,74,B,我看中的是人品和聊不聊得来。
658,74,B,条件可以慢慢了解，感觉是第一步。
659,74,B,我相过一个条件全中的但就是没感觉。
660,74,B,宁缺毋滥，感觉不对不能勉强。
661,75,A,留着看了难过，不如删了。
662,75,A,删掉才能真的翻篇。
663,75,A,每次看到心里都会咯噔一下。
664,75,A,留着的话下一任看到了也会不舒服。
665,75,A,我已经全部删了，包括云端备份。
666,75,B,那是回忆的一部分，删了可惜。
667,75,B,在手机里躺着也不碍事。
668,75,B,如果放下了，照片只是照片。
669,75,B,我从第一部手机到现在的照片都留着。
670,75,B,删了才会反复想，留着反而不在意了。
671,76,A,放下了做朋友也没关系。
672,76,A,多个朋友总比多个仇人好。
673,76,A,如果两个人都放下了，为什么不能做朋友。
674,76,A,共同朋友那么多，不做朋友见面也尴尬。
675,76,A,我们分手之后反而比当情侣时相处更自然。
676,76,B,真心爱过怎么做朋友。
677,76,B,做朋友看着对方有新欢不难受吗。
678,76,B,退回到朋友的位置只会模糊边界。
679,76,B,我不能接受从恋人变成普通朋友。
680,76,B,做朋友是给自己留退路，对现任不公平。
681,77,A,不分一次不甘心，分了才死心。
682,77,A,复合过才知道真的不合适。
683,77,A,不试一下的话永远会想如果当时复合了会怎样。
684,77,A,复合又分之后才能真正翻篇。
685,77,A,一模一样的问题再吵一遍就明白了。
686,77,B,分了就是分了，为什么还要回头。
687,77,B,反复拉扯太消耗人了。
688,77,B,当初分手的原因又不会因为复合了就消失。
689,77,B,一次就够了，不需要第二次。
690,77,B,好马不吃回头草。
691,78,A,真的爱过怎么放得下。
692,78,A,已经有三年了还是会偶尔梦到他。
693,78,A,不是放不下，是那段记忆已经长在身上了。
694,78,A,听到一首歌就能回到那个夏天。
695,78,A,初恋真的很难忘记。
696,78,B,放不下是因为还没遇到更好的。
697,78,B,你放不下的可能只是回忆里的那个人。
698,78,B,时间会冲淡一切的，相信我。
699,78,B,分开很久还放不下，可能只是不甘心。
700,78,B,等你想通了就会发现他其实没那么好。
701,79,A,一个人的日子真的很难熬。
702,79,A,有个人在总比一个人好。
703,79,A,我知道这样不对，但分开之后太冷清了。
704,79,A,年纪越大越害怕一个人。
705,79,A,不是没有想过分手，但想到一个人住就退缩了。
706,79,B,宁愿高质量独处也不要低质量相处。
707,79,B,孤独不可怕，和错的人在一起更可怕。
708,79,B,我有朋友有家人有爱好，不会孤独的。
709,79,B,我一个人也可以过得很好。
710,79,B,因为怕孤独而将就，是对自己不负责任。
711,80,A,不反思的话下一段还会犯同样的错。
712,80,A,一段关系结束两个人都有问题。
713,80,A,我会想很久自己哪里做得不够好。
714,80,A,复盘才能成长。
715,80,A,我写日记复盘了每一段感情。
716,80,B,想那么多也没用，往前看吧。
717,80,B,过去了就让它过去。
718,80,B,不是所有的事都要找原因。
719,80,B,反思太多次会变成自我攻击。
720,80,B,我已经想得够多了，够了。
721,81,A,自己的人生自己决定。
722,81,A,父母有他们的道理，但我更信自己的感觉。
723,81,A,他们不是我，不能替我去感受。
724,81,A,我爸妈以前也不看好我现在的对象，现在我们很幸福。
725,81,A,如果什么都听父母的，我永远长不大。
726,81,B,父母毕竟走得比你多，听听没坏处。
727,81,B,父母不赞成一定有他们的理由。
728,81,B,我会认真听他们的意见，再自己做判断。
729,81,B,不听老人言吃亏在眼前，我见过太多例子了。
730,81,B,我会让我父母和他多接触，也许他们会改变看法。
731,82,A,结婚前就这样，以后还得了。
732,82,A,感觉被欺骗了，信任感会打折扣。
733,82,A,早不说晚不说偏偏这时候说，很难不让人多想。
734,82,A,这是态度问题不是钱的问题。
735,82,A,如果一开始说清楚我还能接受，临时变卦不行。
736,82,B,谁家都有难处，可以理解。
737,82,B,钱的事可以商量，感情更重要。
738,82,B,只要不是故意隐瞒，临时遇到困难也正常。
739,82,B,结婚不是买卖，钱不够可以一起想办法。
740,82,B,看他们家的态度是诚恳的还是敷衍的。
741,83,A,只要人好，过去的经历不重要。
742,83,A,有孩子说明他有责任感。
743,83,A,我身边就有这样的，人家过得很幸福。
744,83,A,每个人都有过去，重要的是现在。
745,83,A,能接受，但会考虑清楚再决定。
746,83,B,太复杂了，不想处理那么多关系。
747,83,B,不是不能接受，但需要考虑的现实问题太多了。
748,83,B,我自己还没做好准备当后妈后爸。
749,83,B,孩子和前妻前夫会一直有联系，我不想面对。
750,83,B,我不想让感情从一开始就这么复杂。
751,84,A,有没有对象是每年必问的，解释了也没用。
752,84,A,工资可以说个大概，对象是真的没有。
753,84,A,连续五年被问有没有对象，我已经免疫了。
754,84,A,比工资更可怕的是你怎么还没对象。
755,84,A,每次被问都想说关你什么事。
756,84,B,工资多少比有没有对象还难回答。
757,84,B,工资低了说你不行，高了怕你太拼。
758,84,B,问工资是真的很尴尬，说少了丢脸说多了炫耀。
759,84,B,有没有对象还能开玩笑混过去，工资真的没法编。
760,84,B,亲戚问工资是最窒息的没有之一。
761,85,A,他们是真心怕你一个人过不好。
762,85,A,老一辈觉得成家才是人生的正事。
763,85,A,他们的年代就是这样过来的，所以他们也这样想你。
764,85,A,担心你老了没人照顾。
765,85,A,父母的爱有时候就是比较着急。
766,85,B,身边的人都结婚了就剩你一个，他们着急。
767,85,B,面子问题，怕别人问起来不好说。
768,85,B,亲戚朋友的孩子都结婚了，他们扛不住压力。
769,85,B,老人在小区里被问到了没面子。
770,85,B,催婚有时候是他们的社交压力转移到了你身上。
771,86,A,关系好的话能帮就帮。
772,86,A,看情况借，借条还是要写的。
773,86,A,我借出去的钱就当是送了，还回来是惊喜。
774,86,A,好朋友遇到困难了我不能袖手旁观。
775,86,A,我借过也被人借过，互相帮忙很正常。
776,86,B,借钱伤感情的例子太多了。
777,86,B,不想因为钱的事把朋友关系搞僵。
778,86,B,借了之后见面都尴尬。
779,86,B,我有朋友借钱到现在没还，关系也黄了。
780,86,B,除非是救急，否则我不借。
781,87,A,不联系的话感情真的会淡。
782,87,A,再好的关系也需要经营。
783,87,A,我每个月都会主动约朋友吃饭。
784,87,A,长时间不联系的话再见面就很生疏了。
785,87,A,友情和爱情一样需要维系。
786,87,B,真的朋友多久不联系都一样亲。
787,87,B,心里有对方就行，不用天天聊。
788,87,B,我和发小一年见一次面但感情还是很好。
789,87,B,不需要刻意的联系，需要的时候他一定在。
790,87,B,真正的朋友不联系也是朋友。
791,88,A,真心的朋友过得好我发自内心高兴。
792,88,A,他好我也好，大家一起好。
793,88,A,我会把他的成功当成自己的动力。
794,88,A,好朋友过得不好我才会担心。
795,88,A,我为他开心是认真的。
796,88,B,会有一点点羡慕，但很快就过去了。
797,88,B,嘴上恭喜心里酸，但会自我调节。
798,88,B,这是人之常情吧，但不影响我为对方开心。
799,88,B,会有点焦虑，觉得自己落后了。
800,88,B,感情是真的，但比较心也是真的。
801,89,A,不是故意的，但确实联系少了。
802,89,A,人家有人陪了，我就不去打扰了。
803,89,A,他约我十次我可能去五六次吧。
804,89,A,他在恋爱初期肯定想跟对象待在一起。
805,89,A,等他分手了又会回来找我的。
806,89,B,真正的朋友不会因为恋爱就变了。
807,89,B,恋爱归恋爱，朋友还是朋友。
808,89,B,我会主动约他让他知道我不会因为他恋爱就不理他了。
809,89,B,我的好朋友谈恋爱之后我们反而多了一个人一起玩。
810,89,B,友情和爱情不冲突。
811,90,A,我会帮他分析问题出在哪里。
812,90,A,旁观者清，能帮他看清问题。
813,90,A,我会说我的看法，但最后还是让他自己决定。
814,90,A,该劝的分还是要劝的。
815,90,A,朋友就是在这种时候说真话的。
816,90,B,他需要的是倾听不是道理。
817,90,B,陪着他比说什么都重要。
818,90,B,失恋的时候道理他都懂，他只是想有人听他说。
819,90,B,我就安静听着，递纸巾。
820,90,B,我一般不问为什么分了，只问你想吃什么。
821,91,A,我每天都在想自己是不是做得不够好。
822,91,A,做决定之前会反复怀疑自己。
823,91,A,别人一句无心的话我能琢磨三天。
824,91,A,我好像从小就不太自信。
825,91,A,有时候别人夸我我都觉得是客套。
826,91,B,想那么多干嘛，干就完了。
827,91,B,自信是练出来的，我现在挺好的。
828,91,B,我会怀疑但不会内耗太久。
829,91,B,我这个人可能比较大条，不太会自我怀疑。
830,91,B,我相信自己做的每一个决定都是当下最好的。
831,92,A,别人一个眼神我能想一整天。
832,92,A,敏感让我容易累但也让我更细腻。
833,92,A,我能感觉到气氛的变化，哪怕别人没说什么。
834,92,A,看个新闻都能哭的程度。
835,92,A,朋友说我想太多，但我控制不了。
836,92,B,很多事我根本注意不到。
837,92,B,钝感是一种幸福。
838,92,B,我比较神经大条，别人生气了可能我都没发现。
839,92,B,敏感的人太累了，我选择不敏感。
840,92,B,我属于那种说了就过了的人。
841,93,A,不被理解至少还有机会解释。
842,93,A,被误解了怎么解释都没用，越描越黑。
843,93,A,被误解比不被理解更让人无力。
844,93,A,我能接受别人不理解我，但不能接受别人误会我。
845,93,A,被误解的时候真的很委屈。
846,93,B,不被理解才是真正的孤独。
847,93,B,误解只是一时的，不被理解是长期的。
848,93,B,被误解了还可以澄清，不被理解是解释了也没用。
849,93,B,如果最亲近的人不理解我，那比被误解难受一百倍。
850,93,B,不被理解久了会怀疑是不是自己有问题。
851,94,A,说出来就好了，憋着会更难受。
852,94,A,说出来感觉事情就解决了一半。
853,94,A,我会找我信任的人说，说到自己觉得好了为止。
854,94,A,说出来的过程就是在整理自己的思路。
855,94,A,我是那种有事不说会憋出病的人。
856,94,B,说了也解决不了，不如自己消化。
857,94,B,慢慢就习惯了什么都自己扛。
858,94,B,不想把负面情绪传染给别人。
859,94,B,我会写日记自己跟自己说。
860,94,B,我习惯了一个人消化，反而觉得说出来很麻烦。
861,95,A,当然值得，不需要理由。
862,95,A,每个人都是值得被爱的。
863,95,A,我很好，我知道。
864,95,A,值得不值得不是别人说了算的。
865,95,A,我就是值得。
866,95,B,有时候会觉得自己不够好。
867,95,B,在被爱这件事上我没有那么自信。
868,95,B,经历过一些事情之后会怀疑自己。
869,95,B,我在努力相信自己是值得的。
870,95,B,嘴上说值得，心里还是会打鼓。
871,96,A,我习惯照顾别人，不自觉地就会付出全部。
872,96,A,付出让我有安全感。
873,96,A,我上一任也是被我照顾得太好了。
874,96,A,看到对方开心我就开心。
875,96,A,我好像总是那个付出更多的人。
876,96,B,我总是被照顾的那一个。
877,96,B,我运气好遇到的人都挺宠我的。
878,96,B,我在关系里比较被动。
879,96,B,我好像习惯了被照顾。
880,96,B,不是我故意的，就是他总是先做那个付出的人。
881,97,A,他的行动比我自己想一万次都有用。
882,97,A,被坚定选择的感觉才是安全感。
883,97,A,他出门会告诉我几点回来，这就够了。
884,97,A,我需要对方主动的关心和在乎。
885,97,A,安全感是对方给的。
886,97,B,安全感是自己给自己的。
887,97,B,依赖别人给安全感太被动了。
888,97,B,我自己有经济有能力，不需要从别人那里找安全感。
889,97,B,内心足够强大就不怕失去。
890,97,B,我经历过依赖别人给安全感的阶段，太累了。
891,98,A,感觉对了很快就能进入状态。
892,98,A,我心里有答案之前就已经行动了。
893,98,A,喜欢就冲，犹豫什么。
894,98,A,我每段感情都是很快就在一起了。
895,98,A,时间会证明是不是冲动。
896,98,B,需要时间确认是不是真的合适。
897,98,B,太快进入关系容易看走眼。
898,98,B,我得先确认对方是认真的我才会投入。
899,98,B,我不是那种见一次面就能决定在一起的人。
900,98,B,慢慢来比较稳。
901,99,A,社交对我来说是消耗能量的。
902,99,A,一个人待着才是最舒服的状态。
903,99,A,聚会两小时我需要独处两天来恢复。
904,99,A,我不是社恐但我真的需要独处。
905,99,A,充电方式：一个人待着。
906,99,B,和人打交道让我充满能量。
907,99,B,独处久了会觉得闷。
908,99,B,我出去social一圈回来反而精神更好。
909,99,B,一个人待久了我会出去找人玩。
910,99,B,我喜欢热闹，人越多我越兴奋。
911,100,A,吵架太累了，能忍就忍吧。
912,100,A,有些问题吵了也解决不了。
913,100,A,我宁愿自己消化掉也不想吵架。
914,100,A,小时候看父母吵架有阴影，所以我很怕冲突。
915,100,A,我一般会先冷静下来再谈，但冷静期他会以为我在冷战。
916,100,B,不吵出来问题永远在那里。
917,100,B,好的沟通不怕吵架。
918,100,B,吵完反而能知道对方在想什么。
919,100,B,我属于有话直说的类型。
920,100,B,冲突不可怕，回避才可怕。
921,101,A,不确定的时候就会一直想要确认。
922,101,A,不安全感让我反复试探。
923,101,A,我上一任就是不闻不问的类型，最后发现他早就不喜欢了。
924,101,A,我需要言语上的确认。
925,101,A,每次问完之后安心一小会儿然后又开始怀疑。
926,101,B,感觉到了就不用问了。
927,101,B,反复确认反而会把对方推远。
928,101,B,如果还要确认的话那可能就不是真的喜欢。
929,101,B,我相信行动胜于言语。
930,101,B,我比较自信吧，不太需要确认。
931,102,A,跟我男朋友就是一见钟情，已经在一起三年了。
932,102,A,第一眼的感觉真的很准。
933,102,A,有的心动就是一瞬间的事。
934,102,A,对视的那几秒就能感觉到有没有戏。
935,102,A,我相信人和人之间有天然的吸引力。
936,102,B,感情需要时间积累。
937,102,B,一见钟情钟的是脸不是人。
938,102,B,日久生情才是靠谱的。
939,102,B,第一印象会骗人。
940,102,B,我不信第一眼就能爱上一个人。
941,103,A,越喜欢越害怕失去，反而先推开他。
942,103,A,怕自己陷太深就先撤退了。
943,103,A,我做过这种事，现在很后悔。
944,103,A,主动推开好过被动被抛弃。
945,103,A,这是一种防御机制吧。
946,103,B,不安全感会让我更想抓紧对方。
947,103,B,没有安全感就应该沟通，推开解决不了问题。
948,103,B,我是那种越不安越靠近的人。
949,103,B,推开了之后只会更不安。
950,103,B,我以前会推开但现在学会了沟通。
951,104,A,没有理解的爱是自说自话。
952,104,A,懂比爱更重要。
953,104,A,对方不理解你的话再爱也很累。
954,104,A,我需要的不是一个爱我的人，是一个懂我的人。
955,104,A,理解才能包容。
956,104,B,信任是地基，理解是房子。
957,104,B,没有信任一切都无从谈起。
958,104,B,我经历过信任崩塌的感情，太痛苦了。
959,104,B,不信任的话再理解也没用。
960,104,B,信任是底线。
961,105,A,两个人在一起比一个人更好。
962,105,A,彼此成就才是最好的状态。
963,105,A,好的关系是1+1>2。
964,105,A,在一起能让彼此变成更好的人。
965,105,A,互相支持互相成长。
966,105,B,好的关系是两个独立的人互相支持。
967,105,B,不需要改变自己，也不需要改变对方。
968,105,B,各自有各自的生活但选择在一起。
969,105,B,我不是你的另一半，我是一个完整的人。
970,105,B,独立又亲密才是最理想的状态。
971,106,A,身边人都在交卷了，压力很大。
972,106,A,年龄不等人，有些事确实要考虑。
973,106,A,我爸妈已经急得不行了。
974,106,A,三十岁是个坎，到了之后想法真的会变。
975,106,A,不是将就，是真的觉得是时候了。
976,106,B,结婚是一辈子的事，不能凑合。
977,106,B,没有该结婚的年龄，只有该结婚的感情。
978,106,B,我宁愿晚婚也不要错婚。
979,106,B,我今年三十五了，但我不会因为年龄而结婚。
980,106,B,年龄只是一个数字，不是deadline。
981,107,A,朋友介绍认识的也可以很幸福。
982,107,A,多一个认识人的渠道没什么不好。
983,107,A,我姐就是相亲结婚的，现在孩子都两个了。
984,107,A,只要心态开放，在哪里认识都一样。
985,107,A,相亲只是认识的方式，感情还是要相处出来的。
986,107,B,相亲像面试，感觉不对。
987,107,B,真爱不应该是在这种场合产生的。
988,107,B,太功利了，上来就谈条件。
989,107,B,相过几次，都很尴尬。
990,107,B,两个陌生人坐在一起谈婚论嫁，怎么想都不对。
991,108,A,可能经济条件还不允许。
992,108,A,还没准备好进入下一个阶段。
993,108,A,结婚需要的不只是感情，还有物质基础。
994,108,A,可能两个人都觉得现在这样也挺好的。
995,108,A,有些人不觉得结婚是必须的。
996,108,B,不结婚一定有原因。
997,108,B,长跑不结婚大概率是有一方不想结。
998,108,B,超过五年不结婚的话我会开始怀疑了。
999,108,B,如果确定是对的人，不会拖那么久。
1000,108,B,恋爱和结婚不一样，一直不结说明有顾虑。
1001,109,A,气头上真的控制不住。
1002,109,A,说了之后又后悔。
1003,109,A,我跟我男朋友吵架的时候我说过最过分的话是'我们分手吧'。
1004,109,A,狠话说出口的那一刻是爽的，但之后很痛苦。
1005,109,A,我在努力改了。
1006,109,B,狠话伤人心，说了收不回来。
1007,109,B,再生气也会忍着不说。
1008,109,B,我知道话一出口就收不回来了。
1009,109,B,我爸就是那种吵架说狠话的人，我不想变成他。
1010,109,B,我会说'我需要冷静一下'而不是说伤人的话。
1011,110,A,吵完架反而能说开。
1012,110,A,冷战太窒息了。
1013,110,A,我宁愿吵一架也不要冷战。
1014,110,A,冷战的时候我什么也做不了，满脑子都在想。
1015,110,A,吵架至少还在沟通。
1016,110,B,冷静一下比口不择言好。
1017,110,B,先冷静再沟通，比吵架有效。
1018,110,B,我需要时间整理自己的情绪。
1019,110,B,吵架时说出来的话都很伤人，不如先冷静。
1020,110,B,我的冷静不是冷战，我是在想怎么跟你说。
1021,111,A,看到别人甜甜的恋爱会酸。
1022,111,A,偶尔会想为什么我没有。
1023,111,A,刷到情侣视频会默默划过。
1024,111,A,特别是过节的时候。
1025,111,A,会羡慕但也不会随便开始一段。
1026,111,B,别人展示的只是好的一面。
1027,111,B,我自己的感情自己知道，不需要比。
1028,111,B,每对情侣都有自己的问题。
1029,111,B,没什么好羡慕的，我的也很好。
1030,111,B,社交媒体上的恋爱都是演出来的。
1031,112,A,体面的告别是对感情的尊重。
1032,112,A,说清楚才能真的放下。
1033,112,A,当面说清楚是最基本的礼貌。
1034,112,A,好聚好散。
1035,112,A,正式地告别了才有力气重新开始。
1036,112,B,慢慢淡掉对双方伤害可能最小。
1037,112,B,突然说分手太残忍了。
1038,112,B,冷淡到对方先提。
1039,112,B,有些关系不值得一个正式的分手仪式。
1040,112,B,慢慢淡掉也是一种体面。
1041,113,A,时间会治愈一切。
1042,113,A,忙起来就没空想了。
1043,113,A,我分手之后报了健身班，半年瘦了十五斤。
1044,113,A,专注工作转移注意力。
1045,113,A,给自己找一堆事情做。
1046,113,B,朋友陪着聊一聊会好很多。
1047,113,B,说出来心情就好了。
1048,113,B,我最好的朋友那段时间每天晚上陪我打电话。
1049,113,B,失恋的时候最怕一个人待着。
1050,113,B,跟朋友吐槽完感觉好了一半。
1051,114,A,爱一个人的感觉更有生命力。
1052,114,A,主动去爱才能掌控自己的感情。
1053,114,A,付出爱的时候自己也在发光。
1054,114,A,看着对方因为自己而开心是很幸福的事。
1055,114,A,爱比被爱更有存在感。
1056,114,B,被爱比较轻松，不用那么累。
1057,114,B,被坚定选择的感觉太好了。
1058,114,B,我已经付出了够多了，接下来想被爱。
1059,114,B,被爱的时候感觉自己是被珍视的。
1060,114,B,被爱是人的基本需求。
1061,115,A,有时候会拿我爸的标准要求他。
1062,115,A,看到父母相处方式会影响自己的期待。
1063,115,A,我爸妈关系很好，所以我对感情的要求比较高。
1064,115,A,不自觉就会比较。
1065,115,A,我不想像我妈那样委屈。
1066,115,B,他是他，我父母是我父母。
1067,115,B,不想重复父母的模式。
1068,115,B,我父母感情不好，所以我知道我不要什么。
1069,115,B,我不会用父母的模板去套他。
1070,115,B,他们是他们，我们是我们。
1071,116,A,婚姻不只是两个人的事。
1072,116,A,多了责任和承诺。
1073,116,A,恋爱可以任性，婚姻不行。
1074,116,A,婚姻是两个家庭的结合。
1075,116,A,责任不一样了。
1076,116,B,婚姻生活很容易变得平淡。
1077,116,B,柴米油盐会消磨激情。
1078,116,B,恋爱时还有新鲜感，婚后每天都是重复的。
1079,116,B,婚姻里的琐事太多了。
1080,116,B,恋爱是风花雪月，婚姻是吃喝拉撒。
1081,117,A,过生日的时候特别有感觉。
1082,117,A,看到同龄人的成就时会焦虑。
1083,117,A,二十五岁之后每年生日都在焦虑。
1084,117,A,特别是回老家看到以前同学的近况。
1085,117,A,比我小的人都已经结婚生孩子了。
1086,117,B,年龄只是个数字。
1087,117,B,每个年纪有每个年纪的好。
1088,117,B,我现在比二十岁的时候过得好多了。
1089,117,B,不太焦虑，因为焦虑也没用。
1090,117,B,三十岁之后反而比二十几岁更自在了。
1091,118,A,忘记说明没放在心上。
1092,118,A,重要日子都记不住还能记住什么。
1093,118,A,提前一个月就在期待了，他忘了会很难过。
1094,118,A,这是一种态度问题。
1095,118,A,我可以接受不庆祝但不能接受完全忘记。
1096,118,B,平时对我好就够了。
1097,118,B,我自己也经常忘所以能理解。
1098,118,B,我自己都记不住纪念日。
1099,118,B,记住不代表在意，忘了也不代表不爱。
1100,118,B,日子这么忙，忘了也正常。
1101,119,A,宁愿单着也不要将就。
1102,119,A,随便开始是对自己不负责任。
1103,119,A,我试过，后来很后悔。
1104,119,A,寂寞是一时的，选错人是一段时期的。
1105,119,A,高质量的独处好过低质量的相处。
1106,119,B,有人在的感觉确实比一个人好。
1107,119,B,寂寞的时候有人陪着也是一种安慰。
1108,119,B,不一定是很认真的那种，有人聊聊天也好。
1109,119,B,人的本能就是不想孤独。
1110,119,B,不开始一段的话怎么知道合不合适。
1111,120,A,感动是感动，喜欢是喜欢。
1112,120,A,不要把感激当成爱情。
1113,120,A,我试过接受一个对我很好但我不心动的人，最后还是分了。
1114,120,A,对他不公平对我也不公平。
1115,120,A,不能因为感动就骗自己。
1116,120,B,感动可以培养出感情。
1117,120,B,日久生情也不是不可能。
1118,120,B,一开始不喜欢不代表以后不会喜欢。
1119,120,B,有很多感情是从感动开始的。
1120,120,B,被真诚地对待久了很难不动心。
1121,121,A,为了迁就对方变成了另一个人。
1122,121,A,失去自我比失去对方更可怕。
1123,121,A,上一段感情就是因为我太迁就了最后分手。
1124,121,A,如果一段关系让你越来越不像自己，就该结束了。
1125,121,A,我可以妥协但不能失去自己。
1126,121,B,付出了那么多最后一场空。
1127,121,B,失去对方感觉世界空了。
1128,121,B,我害怕被留下。
1129,121,B,付出了全部的真心然后失去，那种感觉很痛。
1130,121,B,我宁愿失去自我也不要失去他。
1131,122,A,还能做朋友说明真的放下了。
1132,122,A,和平分手是最大的体面。
1133,122,A,好聚好散，以后见面不尴尬。
1134,122,A,尊重彼此曾经的感情。
1135,122,A,分手见人品。
1136,122,B,彻底断了才能各自开始新生活。
1137,122,B,做朋友是给自己留退路。
1138,122,B,既然分开了就不要拖泥带水。
1139,122,B,做朋友的话下一任会怎么想。
1140,122,B,不能回头才逼自己向前走。
1141,123,A,信任是基础，查手机说明关系有问题了。
1142,123,A,不想给自己找不痛快。
1143,123,A,我从来不看，就算他放在我面前。
1144,123,A,每个人都应该有隐私。
1145,123,A,如果真的有问题，查也查不出来。
1146,123,B,有时候就是忍不住想知道。
1147,123,B,不查一下心里不踏实。
1148,123,B,我上一任就是通过手机发现的，所以留下了阴影。
1149,123,B,我不是不信任，就是好奇。
1150,123,B,我会看但我不会偷偷看，我会直接说我想看。
1151,124,A,对我好是加分项但不是决定项。
1152,124,A,对你好的人很多心动的只有一个。
1153,124,A,好感和喜欢是两回事。
1154,124,A,我试过，感动不等于心动。
1155,124,A,如果只是因为对我好在一起，那一旦他不好了怎么办。
1156,124,B,对我好久了真的会心动。
1157,124,B,细节里的温柔最打动人。
1158,124,B,被持续地温柔以待，石头也会捂热的。
1159,124,B,我现在的男朋友就是一开始没什么感觉后来被他感动到的。
1160,124,B,日久生情是真的。
1161,125,A,不谈钱最后一定会因为钱吵架。
1162,125,A,钱是绕不开的话题尽早说清楚。
1163,125,A,我跟我男朋友在一起之前就说好了AA还是怎么分摊。
1164,125,A,越早谈钱越早避免矛盾。
1165,125,A,成年人的感情不谈钱不现实。
1166,125,B,还在热恋期就谈钱太现实了。
1167,125,B,谈钱伤感情等有需要再说。
1168,125,B,刚在一起的时候谈钱真的很奇怪。
1169,125,B,感情还没到那份上就谈钱不合适。
1170,125,B,等关系稳定了自然会聊到这个话题。
1171,48,A,看过的知道是好的，没看过的可能是雷。
1172,48,A,经典电影看多少遍都有新发现。
1173,48,A,我宁愿重看一部好的也不愿冒险看一部烂的。
1174,48,A,看新片需要做功课查评分，太累了。
1175,48,A,那些老电影就像老朋友一样熟悉。
1176,48,B,没看过的才有期待感，猜不到剧情才有意思。
1177,48,B,新片才有新鲜感，哪怕烂也想自己鉴定一下。
1178,48,B,经典也都是从新片过来的。
1179,48,B,我追新片是因为想跟上大家的讨论。
1180,48,B,看一部新片就像打开一个盲盒。
1181,49,A,不舒服的衣服再好也是放在衣柜里积灰。
1182,49,A,我买过太多中看不中穿的衣服了，现在以舒服为先。
1183,49,A,舒服才能穿出门，不然买回来也是浪费。
1184,49,A,身体的感觉比别人的眼光重要。
1185,49,A,材质不好的衣服穿一天浑身难受。
1186,49,B,好看才会想穿，舒服但难看的话一次都不想穿。
1187,49,B,人靠衣装，好看的外表能让我更自信。
1188,49,B,可以不舒服但不能不好看。
1189,49,B,好看就是硬道理。
1190,49,B,再舒服的衣服如果不好看我也不会买。
1191,50,A,沉浸在一本好书里的感觉太幸福了。
1192,50,A,不一口气读完的话会一直想着后面的情节。
1193,50,A,周末抱着一本书从早看到晚是最理想的生活。
1194,50,A,一口气读完才有那种被故事包裹的感觉。
1195,50,A,慢慢读的话前面的人名又忘了。
1196,50,B,慢慢读才能好好消化，每天读几页让故事陪自己久一点。
1197,50,B,一本好书不舍得看完，像舍不得离开一个喜欢的人。
1198,50,B,每天睡前读几页已经是我最固定的习惯了。
1199,50,B,我同时在读四五本书，根据心情翻一本。
1200,50,B,读太快会错过很多细节。
1201,51,A,提前想好的礼物更有心意，能看出你了解对方。
1202,51,A,我会花很多时间观察对方需要什么然后偷偷准备。
1203,51,A,送礼物这件事我特别认真，会提前很久想。
1204,51,A,准备的过程本身就是表达重视的方式。
1205,51,A,我会把对方的喜好记在备忘录里。
1206,51,B,第一眼看到觉得适合他，那就是它了。
1207,51,B,临时挑的反而最有直觉，没那么刻意。
1208,51,B,逛街的时候看到什么就买了，随缘。
1209,51,B,我觉得临时起意的礼物更有惊喜感。
1210,51,B,太刻意准备反而有压力。
1211,52,A,那些听了无数遍的老歌，前奏一响就安心。
1212,52,A,我的歌单好几年没更新了，够听就行。
1213,52,A,老歌越听越有味道，新歌很多都听不进去。
1214,52,A,我歌单里的歌全是2000-2010年的。
1215,52,A,听老歌就像回到那个时代。
1216,52,B,每周都会去搜新歌，发现了宝藏就很开心。
1217,52,B,一直听老歌会腻的，需要新东西刺激。
1218,52,B,新歌才有话题，不然朋友聊最近听的歌都插不上嘴。
1219,52,B,我有个习惯：每周五更新歌单。
1220,52,B,音乐品味需要update。
1221,53,A,行程满满才感觉周末没有浪费。
1222,53,A,不安排点事的话我会在床上躺两天然后周日晚上后悔。
1223,53,A,我会提前列好周末清单，完成了很有成就感。
1224,53,A,周末就是要抓紧时间做工作日做不了的事。
1225,53,A,我的周末比工作日还忙。
1226,53,B,留白才能让身体和脑子都休息。
1227,53,B,最好的周末就是没有安排。
1228,53,B,我一个周末能在家待两天不出门，特别舒服。
1229,53,B,平时已经很忙了，周末我需要彻底的休息。
1230,53,B,如果没有必须出门的理由，我会选择在家。
1231,54,A,味道不好一切都是白搭。
1232,54,A,我花钱吃饭就是为了吃好吃的，环境是次要的。
1233,54,A,好不好吃是唯一的标准。
1234,54,A,如果味道不好，装修再好看我也不会去第二次。
1235,54,A,我会因为一道好吃的菜专门去一家店。
1236,54,B,环境好才能好好聊天，脏乱差的店再好吃也坐不住。
1237,54,B,约会的餐厅环境不好真的很扣分。
1238,54,B,吃饭不只是吃，是一种体验。
1239,54,B,灯光音乐桌椅都影响胃口。
1240,54,B,味道过得去就行，环境好心情才好。
1241,55,A,世界那么大，我想去没去过的地方看看。
1242,55,A,去过的地方再去就没那种新鲜感了。
1243,55,A,我有个bucket list，每年打勾几个新地方。
1244,55,A,没去过的地方才有探索的兴奋感。
1245,55,A,回同一个地方不如去一个新的。
1246,55,B,好的地方值得一去再去。
1247,55,B,第一次去的时候有很多没体验到的，再去一次补上。
1248,55,B,熟悉的地方有熟悉的快乐，不用做攻略。
1249,55,B,有些地方去几次都不腻。
1250,55,B,再去同一个地方像是回访老朋友。
1251,126,A,看了只会胡思乱想，不如假装没看见。
1252,126,A,好不容易熬过来，不想再被搅乱心情。
1253,126,A,他的新生活和我没关系了，划走就是保护自己。
1254,126,A,手比脑子快，看到就滑过去了。
1255,126,A,我宁愿等自己真的放下了，再去看这些。
1256,126,B,不看看反而更惦记，看了也就死心了。
1257,126,B,想知道他过得好不好，不是还爱，就是好奇。
1258,126,B,承认吧，就是管不住那只手。
1259,126,B,看了难受一阵，不看会一直猜。
1260,126,B,我想确认自己看到他幸福时，是不是真的没感觉了。
1261,127,A,有些话不见面说不清楚，不想留遗憾。
1262,127,A,万一是真的想清楚了呢，至少听他说完。
1263,127,A,不见一面，我怕自己以后反复后悔。
1264,127,A,我想知道他到底是想念我，还是只是寂寞了。
1265,127,A,当面聊完，不管结果怎样都能死心。
1266,127,B,分过一次的问题，复合多半还是会重复。
1267,127,B,见了面容易心软，不如一开始就说清楚。
1268,127,B,复合不是一句话的事，我不想再绕回去了。
1269,127,B,既然当初决定了，就别反复拉扯。
1270,127,B,给希望又失望，对两个人都更残忍。
1271,128,A,去年被问懵了，今年我把标准答案都写备忘录里了。
1272,128,A,不提前想几句，我怕我当场翻白眼。
1273,128,A,我妈那套话术我太熟了，不准备好根本接不住。
1274,128,A,我已经练了三套说法，看哪个亲戚就用哪套。
1275,128,A,提前想好是为了不让自己真发火，毕竟过年。
1276,128,B,临场胡说八道反而没人当真，认真回答才真的被追问。
1277,128,B,我都看心情，有时候装傻，有时候直接说还没遇到。
1278,128,B,提前准备太像作战了，我不想把年过得这么紧张。
1279,128,B,反正每年问的都差不多，随口糊弄两句就过去了。
1280,128,B,我每次都现场编，编到什么算什么，挺好玩的。
1281,129,A,我谈恋爱第一天就跟我妈说了，憋不住。
1282,129,A,我觉得父母早晚要知道，不如一开始就坦荡。
1283,129,A,我带对象见朋友的同时也会告诉家里，没什么好藏的。
1284,129,A,我爸妈比较开明，我习惯什么都说。
1285,129,A,谈了恋爱还偷偷摸摸，我觉得不舒服。
1286,129,B,谈没几天就告诉父母，分手了还要解释，麻烦。
1287,129,B,我不想让父母比我还早投入感情。
1288,129,B,等我觉得真的能走下去再说，不然白让他们操心。
1289,129,B,我家管得严，太早说会给我很大压力。
1290,129,B,感情是我们两个人的事，稳定了再让家里知道。
1291,130,A,我手机里没什么不能看的，给他看反而省心。
1292,130,A,他要查就查吧，坦荡一点比吵架强。
1293,130,A,我觉得这是给安全感的一种方式。
1294,130,A,我前任就是因为互相猜忌分的手，我不想再那样。
1295,130,A,他也不是天天查，偶尔看一下我没关系。
1296,130,B,手机是我的私人空间，就算没秘密也不想被翻。
1297,130,B,他要看我手机，我会觉得他不信任我。
1298,130,B,我可以主动给他看，但他不能主动要。
1299,130,B,我聊天记录里还有和闺蜜吐槽他的话，看了多尴尬。
1300,130,B,边界感很重要，恋爱不代表要完全透明。
1301,131,A,他一走我就开始慌，怕他再也不回来。
1302,131,A,我觉得问题没解决之前不能让他一个人跑掉。
1303,131,A,追出去不是认错，是不想让他带着情绪过夜。
1304,131,A,我试过不追，结果他越走越远，后来更难哄。
1305,131,A,他在气头上容易做冲动决定，我得拉住他。
1306,131,B,追出去只会吵得更凶，两个人都需要空间。
1307,131,B,他摔门就是想静一静，我追上去等于火上浇油。
1308,131,B,我以前追过，结果被吼得更惨，现在学会了等。
1309,131,B,等他自己想通了再聊，比当时硬碰硬有用。
1310,131,B,我也需要冷静一下，追出去我还没准备好说话。
1311,132,A,我想亲眼看看，我是不是真的放下了。
1312,132,A,去一趟也算正式告别，以后心里没疙瘩。
1313,132,A,我们分手算和平，不去反而显得我还在意。
1314,132,A,我想让他知道，我过得也很好。
1315,132,A,主要是想见他最后一面，以后就没理由了。
1316,132,B,我没那么大方，看他娶别人我会难受。
1317,132,B,去了也是尴尬，不如祝福一句就过去了。
1318,132,B,我怕自己当场绷不住，多丢人。
1319,132,B,都分手了，就没必要再出现在彼此的重要时刻。
1320,132,B,我装不出开心的样子，不想去砸场子。
1321,133,A,既然在一起了，他的事就是我的事。
1322,133,A,我一个人扛不住的时候，他在旁边我会踏实很多。
1323,133,A,困难一起面对，感情才会更牢。
1324,133,A,我前任什么都不说，最后我一个人累惨了。
1325,133,A,两个人想办法，总比一个人钻牛角尖强。
1326,133,B,我不想让他觉得我什么事都要靠他。
1327,133,B,先自己处理一部分，再告诉他结果，这样压力小一点。
1328,133,B,我习惯自己先稳住，不然两个人都慌。
1329,133,B,有些事说出来只会让他担心，不如我先搞定。
1330,133,B,我觉得每个人都该有自己的战场。
1331,134,A,反正单身，见一面又不会少块肉。
1332,134,A,我妈已经唠叨半年了，见一下让她死心。
1333,134,A,有时候父母介绍的人反而条件不错。
1334,134,A,我不排斥相亲，就当认识个朋友。
1335,134,A,拒绝太多次，家里气氛会很僵。
1336,134,B,我不想因为父母的压力去应付一场见面。
1337,134,B,相亲太像交易了，我接受不了。
1338,134,B,我有自己喜欢的人，见别人没意思。
1339,134,B,见了没结果，回去还要被追问，烦。
1340,134,B,感情的事我想自己决定。
1341,135,A,单独吃饭在我心里就是约会，我不能装大度。
1342,135,A,他要是提前告诉我，我还能接受；偷偷去就不行。
1343,135,A,我前任就是这么出轨的，我真的会多想。
1344,135,A,不是不信任，是边界感的问题。
1345,135,A,我也会尽量避免和异性单独吃饭，互相尊重。
1346,135,B,谁还没几个异性朋友，吃个饭怎么了。
1347,135,B,他要真有什么，也不会让我知道。
1348,135,B,我相信他，也相信我们的感情。
1349,135,B,我自己也有异性朋友单独吃过饭，不能双标。
1350,135,B,管太死只会把关系搞得很累。
1351,136,A,嘴上说不关心，其实心里特别想知道他过得怎么样。
1352,136,A,我不会主动打听，但有人说起我就不想错过。
1353,136,A,问了才能确认，我真的放下了。
1354,136,A,我想知道他有没有新对象，是不是比我好。
1355,136,A,共同朋友提起的时候，我假装随意地问一下。
1356,136,B,越听越难受，不如不听。
1357,136,B,都分手了，他的事和我没关系。
1358,136,B,我怕问多了朋友觉得我还没放下。
1359,136,B,我不想让那些回忆再翻出来。
1360,136,B,每次听到他的消息，我都会好几天睡不好。
1361,137,A,他可以管我，但不能不理我。
1362,137,A,我一个人待着的时候就会想他是不是不爱我了。
1363,137,A,被冷落的感觉比吵架难受一百倍。
1364,137,A,我宁愿他跟我吵，也不愿意他晾着我。
1365,137,A,我需要知道他在意我，不然会很不安。
1366,137,B,恋爱不是找个人看着我，我需要自己的空间。
1367,137,B,他什么都管，我会觉得窒息。
1368,137,B,我以前被管到连穿什么衣服都要问，那段关系让我很累。
1369,137,B,冷落一下我可以接受，但被控制我会想逃。
1370,137,B,我希望他相信我，而不是查岗。
1371,138,A,我不喜欢还要装喜欢，太累了。
1372,138,A,直接说下次他才知道我喜欢什么。
1373,138,A,我又不是演员，表情根本藏不住。
1374,138,A,诚实一点对两个人都好。
1375,138,A,我会委婉地说，但肯定不会骗他。
1376,138,B,他花了心思挑的，直接说太伤人。
1377,138,B,礼物不重要，心意我收下了。
1378,138,B,我不想让他觉得自己不会买东西。
1379,138,B,说出来以后他可能就不送了，更亏。
1380,138,B,我演技很好，他能开心就行。
1381,139,A,错了就认，这不是面子问题。
1382,139,A,我没错为什么要先低头？惯出来的毛病。
1383,139,A,谁对谁错很重要，不然下次还会犯。
1384,139,A,我前任从来不认错，最后我实在受不了。
1385,139,A,道歉是尊重，不是示弱。
1386,139,B,吵完架谁先说话谁就赢了，我熬不住。
1387,139,B,对错没那么重要，感情才重要。
1388,139,B,我常常是那个忍不住的人，我不觉得丢人。
1389,139,B,他嘴硬，我再硬就僵死了。
1390,139,B,有时候先开口不代表错，只是更在乎。
1391,140,A,他好久没点赞了，突然点一下什么意思？
1392,140,A,我会翻遍他最近的朋友圈，看他是不是还单身。
1393,140,A,那个赞让我一晚上没睡好。
1394,140,A,他是不是想复合？还是手滑？
1395,140,A,我甚至会想，要不要回赞他一条。
1396,140,B,点个赞而已，又不能代表什么。
1397,140,B,我都放下了，他还在不在我朋友圈我都无所谓。
1398,140,B,可能就是顺手点的，别想太多。
1399,140,B,我不会为了一个赞再让自己情绪波动。
1400,140,B,真要有话他早就直接找我了。
1401,141,A,我想他就直接说，憋着干嘛。
1402,141,A,他听到这句话会开心，我也开心。
1403,141,A,我每天都发，已经形成肌肉记忆。
1404,141,A,表达想念又不丢人。
1405,141,A,有时候说完自己也会不好意思，但还是要说。
1406,141,B,我说不出口，太肉麻了。
1407,141,B,我更倾向于用行动表示，比如去找他。
1408,141,B,怕说多了就不珍贵了。
1409,141,B,我只会在他先说的时候回一句我也想你。
1410,141,B,小时候家里没人说这种话，我习惯了藏着。
1411,142,A,我赚得还行，没什么好藏的。
1412,142,A,说实话反而没人继续追问了。
1413,142,A,我爸妈知道我工资，亲戚问也无所谓。
1414,142,A,我不喜欢撒谎，累。
1415,142,A,说个大概数字，他们爱怎么想怎么想。
1416,142,B,说多了他们借钱，说少了他们看不起。
1417,142,B,我工资不高，说出来要被比较一圈。
1418,142,B,我就说我够花，他们也没法继续问。
1419,142,B,亲戚问工资又不是真关心我，敷衍一下就行。
1420,142,B,我会把话题转移到他们孩子身上。
1421,143,A,他骂前任的时候，我当然要站他这边。
1422,143,A,一起骂能让我们更亲近。
1423,143,A,他愿意跟我说，说明信任我。
1424,143,A,我也跟着骂两句，他心里会好受点。
1425,143,A,前任做错事就该被骂。
1426,143,B,他总提前任，我会觉得他还没放下。
1427,143,B,我不想成为他抱怨前任的情绪垃圾桶。
1428,143,B,分手了还一直骂，显得很小气。
1429,143,B,我更想听他说我们之间的事。
1430,143,B,他骂得越狠，我越担心他其实还在意。
1431,144,A,我又没做错什么，干嘛要躲。
1432,144,A,大方打个招呼，证明我真的放下了。
1433,144,A,不打招呼反而显得还在意。
1434,144,A,我们分手不算难看，见面还能客气一下。
1435,144,A,我不想让他觉得我还躲着他。
1436,144,B,看见他我心脏会停一拍，还是装没看见吧。
1437,144,B,打了招呼不知道该说什么，更尴尬。
1438,144,B,我怕一开口就暴露我还没放下。
1439,144,B,他旁边要是有新对象，我更不想过去。
1440,144,B,装没看见对两个人都轻松。
1441,145,A,我说过喜欢吃什么，他下次就带我去，我会记很久。
1442,145,A,记得细节的人，让我觉得被放在心上。
1443,145,A,我生日他记错我会特别失落。
1444,145,A,不用多贵重，记得我说过的话就够了。
1445,145,A,他连我过敏什么都不记得，我会很难过。
1446,145,B,我难过的时候，他不用多说，懂我就够了。
1447,145,B,比起记住纪念日，我更希望他理解我的情绪。
1448,145,B,有时候我自己都说不清为什么难过，他能懂就神奇了。
1449,145,B,他会问我'你是不是因为...'的时候，我觉得被看见。
1450,145,B,光记得事情不懂我，感觉像在和机器人恋爱。
1451,146,A,等一次两次可以，每次都等我会爆炸。
1452,146,A,我会明确告诉他，我的时间也很重要。
1453,146,A,不说是我自己受气，说了他才知道改。
1454,146,A,我因为迟到跟他吵过好几次。
1455,146,A,他可以迟到，但要提前说。
1456,146,B,说也没用，他就这样，我早就习惯了。
1457,146,B,我会自己多预留半小时等他。
1458,146,B,为了这点事吵架不值得。
1459,146,B,他迟到的时候我就刷手机，不生气。
1460,146,B,我甚至会故意晚一点出门，配合他的节奏。
1461,147,A,感情是我自己的事，父母不了解他。
1462,147,A,我相信时间久了他们会接受。
1463,147,A,我不想因为别人的反对就放弃喜欢的人。
1464,147,A,我爸妈反对的理由我觉得很过时。
1465,147,A,我们先偷偷谈，等稳定了再告诉他们。
1466,147,B,父母看人的角度和我不同，我会重新想。
1467,147,B,不被祝福的感情走不远。
1468,147,B,我爸妈不会害我，他们的意见我会重视。
1469,147,B,如果两个人真的差距很大，长痛不如短痛。
1470,147,B,我不想为了一个人和家里闹翻。
1471,148,A,东西好用就行，没必要跟过去较劲。
1472,148,A,那是他送的围巾，冬天该戴还是戴。
1473,148,A,扔了还要花钱买，浪费。
1474,148,A,我用着用着就忘了是他送的。
1475,148,A,继续用不代表我还爱他。
1476,148,B,看到就会想起他，还是收起来吧。
1477,148,B,我不会扔，但也不会再用了。
1478,148,B,放在盒子里，等哪天彻底忘了再处理。
1479,148,B,新的感情里留着前任的东西，对现任不公平。
1480,148,B,每次用都会心里咯噔一下，不如不用。
1481,149,A,我需要他亲口说'我喜欢你'，不然我不踏实。
1482,149,A,暧昧期最折磨我，确定关系那句话很重要。
1483,149,A,日常关心谁都能做，表白是专属的。
1484,149,A,他说'我爱你'的时候，我会记很久。
1485,149,A,我不擅长猜，直接告诉我最好。
1486,149,B,一句'记得带伞'比一百句'我爱你'更打动我。
1487,149,B,表白听多了会腻，日常的在乎才真实。
1488,149,B,他记得我不吃香菜，比说爱我更让我感动。
1489,149,B,我不需要他天天说爱，但我需要他在。
1490,149,B,光说不做的人我见多了。
1491,150,A,她都哭成这样了，不分留着过年？
1492,150,A,我看她在这段关系里太委屈了。
1493,150,A,劝和的话，下次她又来找我哭怎么办。
1494,150,A,我会帮她分析，最后让她自己决定。
1495,150,A,有些问题不是沟通能解决的。
1496,150,B,他们吵架的时候我说分，和好了我多尴尬。
1497,150,B,感情里的事外人看不清，我不能乱劝。
1498,150,B,我会劝她再沟通一次，别冲动。
1499,150,B,分不分是她的事，我只负责听。
1500,150,B,我见过太多劝分的朋友最后自己打脸。
1501,151,A,这么重要的日子都忘了，我必须让他知道我不高兴。
1502,151,A,我不说他永远不知道我有多在意。
1503,151,A,装不在意我心里会憋屈，还不如爆发。
1504,151,A,我会直接告诉他，今天我生日。
1505,151,A,他忘了我就冷战，直到他意识到。
1506,151,B,说出来像是在讨礼物，我觉得很没劲。
1507,151,B,他可能最近太忙了，我不想增加压力。
1508,151,B,装作不在意，其实心里记账。
1509,151,B,我会暗示他，但不会明说。
1510,151,B,真的爱我的人不会每年都忘。
1511,152,A,忙起来就没时间想他了。
1512,152,A,我分手第二天就报了健身课。
1513,152,A,我不想陷在情绪里，越躺越难过。
1514,152,A,新圈子新朋友，才是走出来的最快方式。
1515,152,A,时间会治愈一切，但我选择加速。
1516,152,B,硬撑出来的新生活也是假的。
1517,152,B,我需要先哭完，才能重新开始。
1518,152,B,逼自己马上好起来，只会更累。
1519,152,B,我会给自己一段什么都不做的日子。
1520,152,B,慢慢走出来，比较不容易复发。
1521,153,A,问题不过夜，当天必须说清楚。
1522,153,A,冷静着冷静着就冷掉了，更可怕。
1523,153,A,我会追着他把话说完，哪怕吵架。
1524,153,A,逃避问题的人我最受不了。
1525,153,A,当场说清楚，至少不会猜来猜去。
1526,153,B,情绪上头的时候说什么都伤人。
1527,153,B,我需要先一个人想明白自己要什么。
1528,153,B,当场吵只会翻旧账，越吵越乱。
1529,153,B,冷静一晚，第二天再聊会好很多。
1530,153,B,我嘴笨，生气的时候说不过她。
1531,154,A,我好奇心太重，忍不住。
1532,154,A,我想知道他以前喜欢什么样的人。
1533,154,A,看过之后才知道自己是不是替代品。
1534,154,A,我不会天天看，但偶尔会搜一下。
1535,154,A,看了会难受一阵，但不看我会一直猜。
1536,154,B,看了只会给自己添堵。
1537,154,B,那是他的过去，和我没关系。
1538,154,B,我相信他，不需要去查。
1539,154,B,我控制住自己不去搜，搜了一次就会有第二次。
1540,154,B,看了她的照片，我会忍不住比较。
1541,155,A,他在我身边我才安心。
1542,155,A,生病的时候人特别脆弱，陪着比什么药都强。
1543,155,A,我不需要做什么，就在旁边坐着也行。
1544,155,A,他一个人躺着我会很心疼。
1545,155,A,我生病的时候也希望有人陪。
1546,155,B,我更想帮他买药、煮粥、请假。
1547,155,B,陪着他什么都不做，我觉得很没用。
1548,155,B,把实际问题解决，他才能好好休息。
1549,155,B,我会查医院、挂号、拿药，一样不落。
1550,155,B,行动比陪伴更能让我安心。
1551,156,A,我会计划旅行、送惊喜、换约会方式。
1552,156,A,感情是要经营的，不能等它自己死掉。
1553,156,A,平淡可以，但不能淡到没话说。
1554,156,A,我会主动找新话题，不然两个人就僵了。
1555,156,A,我不想等失去才后悔没努力过。
1556,156,B,感情有高峰也有低谷，很正常。
1557,156,B,刻意制造浪漫我觉得很累。
1558,156,B,太平淡说明不是对的人，勉强也没用。
1559,156,B,我相信好的感情经得起平淡期。
1560,156,B,逼出来的变化不是真心的。
1561,157,A,毕竟在一起过，能帮就帮。
1562,157,A,他开口了，我狠不下心拒绝。
1563,157,A,帮完这次，我心里也能彻底放下了。
1564,157,A,不帮显得我还记恨他。
1565,157,A,只是帮个忙，不代表复合。
1566,157,B,分手了就要有分手的样子。
1567,157,B,我怕帮了一次，他以后事事找我。
1568,157,B,我现在有自己的生活，不想被拉回过去。
1569,157,B,他以前伤我太深，我没义务帮他。
1570,157,B,帮他会让我现任不舒服。
1571,158,A,谈恋爱就是要光明正大，没什么好藏的。
1572,158,A,我想让所有人知道我终于脱单了。
1573,158,A,不公开我总觉得像地下情。
1574,158,A,公开了也是一种承诺。
1575,158,A,我朋友圈早就编辑好了。
1576,158,B,想先确定两个人真的合适再公开。
1577,158,B,万一没几天就分了，多尴尬。
1578,158,B,我不喜欢私生活被围观。
1579,158,B,关系是两个人的，不需要别人见证。
1580,158,B,等感情稳定了，自然就公开了。
